event_id,event_name
1,2012p001403
2,2012p003376
3,2012p010301
4,2012p014309
5,2012p014905
6,2012p030624
7,2012p043955
8,2012p058758
9,2012p071137
10,2012p103394
11,2012p103840
12,2012p104038
13,2012p149826
14,2012p206748
15,2012p260761
16,2012p275677
17,2012p365028
18,2012p378954
19,2012p392201
20,2012p416981
21,2012p505798
22,2012p517515
23,2012p713691
24,2013p049577
25,2013p708602
26,2013p868761
27,2014p237547
28,2014p965622
29,2016p158394
30,2016p355041
31,2017p161601
32,2122842
33,2128373
34,3366213
35,3366376
36,3366452
37,3366499
38,3366503
39,3366504
40,3366544
41,3366585
42,3366751
43,3366933
44,3367476
45,3367535
46,3367608
47,3367742
48,3367749
49,3367832
50,3368287
51,3368361
52,3368445
53,3368607
54,3369682
55,3370916
56,3372087
57,3372561
58,3373089
59,3373091
60,3374803
61,3376639
62,3377148
63,3380440
64,3382676
65,3388384
66,3389582
67,3390805
68,3391440
69,3392462
70,3394581
71,3400620
72,3403219
73,3406713
74,3407078
75,3437366
76,3439993
77,3450113
78,3450491
79,3460014
80,3468666
81,3468672
82,3468705
83,3468722
84,3468746
85,3468765
86,3468931
87,3469360
88,3470222
89,3471449
90,3471884
91,3474093
92,3476510
93,3495817
94,3497857
95,3505099
96,3509905
97,3525417
98,3529125
99,3529702
100,3529858
101,3529888
102,3530742
103,3530917
104,3530953
105,3531220
106,3533219
107,3541921
108,3550173
109,3556574
110,3571192
111,3572067
112,3577039
113,3590805
114,3591999
115,3631369
116,3631409
117,3631432
118,3631755
119,3634645
120,3635309
121,3791909
122,3792018
123,2012p023269
124,2012p052719
125,2012p053801
126,2012p073274
127,2012p123336
128,2012p167881
129,2012p303845
130,2012p399212
131,2012p413162
132,2012p764736
133,2012p801609
134,2013p368016
135,2013p817946
136,2014p933966
137,2016p072907
138,2016p119534
139,2017p159158
140,2017p161294
141,3368471
142,3370677
143,3372661
144,3373925
145,3377880
146,3384315
147,3468622
148,3566526
149,3634529
150,2012p378107
151,3366241
152,3366726
153,3366750
154,3366858
155,2016p882187
156,2018p528060
157,2012p161604
158,2017p433631
159,2016p881756
160,2013p538215
161,2013p544030
162,2013p544317
163,2013p544344
164,2013p544960
165,2013p545809
166,2013p545900
167,2013p546702
168,2013p547469
169,2013p548356
170,2013p563639
171,2013p572878
172,2013p574429
173,2013p614268
174,2013p614487
175,2013p615178
176,2013p616691
177,2013p618032
178,2013p666224
179,2013p739681
180,2016p858848
181,2016p859439
182,3603873
183,2013p543121
184,2013p544974
185,2013p575071
186,2013p614184
187,2015p795690
188,2016p140897
189,2016p188781
190,2016p275188
191,2016p356297
192,2016p395423
193,2016p858788
194,2016p858913
195,2016p859872
196,2016p860725
197,2016p860729
198,2016p861190
199,2016p865404
200,2016p865557
201,2016p865907
202,2016p871569
203,2016p883896
204,2016p895574
205,2016p921247
206,2016p965164
207,2016p969664
208,2017p014499
209,2017p027063
210,2017p266099
211,2017p512943
212,3413873
213,2013p542958
