,bias,bias_std_err,tau,phi_S2S,phi_C2C,phi_w,sigma
PGA,0.2512215450936883,0.26531051845129616,0.4549385085754288,0.35359251021627247,0.3614992461692391,0.43940938443966565,0.8097894923870366
PGV,0.30027848308028154,0.18904584694194296,0.4530948578427431,0.3722213916193093,0.2466625739032578,0.40103331172409,0.7520065538673996
CAV,0.4850282343121507,0.2151580741643081,0.3909112039905438,0.442912496934743,0.2828350782860107,0.25905818952133525,0.7043364795418673
AI,0.40163298230357336,0.4705339405702186,0.8148460836232001,0.7765052340738023,0.6330248561217261,0.6308902745524584,1.4372465082695056
Ds575,0.19910735249403752,0.05373627517343265,0.3132724401775539,0.27182553665084863,0.0,0.41368679797951585,0.5858033039962012
Ds595,0.5682604709936423,0.04258981389203031,0.2523157119592321,0.2211751607631361,0.0,0.26170850085800473,0.4255267437675775
pSA_0.010000000000,0.25124763299652636,0.2649473366608085,0.4546006673550605,0.35276235886458396,0.3610166613573292,0.43905995857638574,0.8088323222980534
pSA_0.010353218433,0.25130422349111264,0.2649081341684105,0.4545776801274434,0.3527969022491159,0.360957939601767,0.4390117894476267,0.8087821133915987
pSA_0.010718913192,0.25134131336906823,0.2648660013331902,0.4545418652327564,0.35288101416360385,0.3608923014653395,0.4390076138080523,0.8087671207738334
pSA_0.011097524964,0.2514111876096358,0.2648987039390139,0.4545620294302072,0.35284688634921774,0.36094179381124303,0.43900121339218034,0.8087821756724927
pSA_0.011489510002,0.2515741430949826,0.26490650426565565,0.45456223134737717,0.3526937259479398,0.3609612564451928,0.4389951018885654,0.8087208508670906
pSA_0.011895340674,0.25197629942294747,0.26488820383053197,0.4544825928000297,0.35248715339701875,0.36094666884526627,0.4389463570217632,0.8085530425156674
pSA_0.012315506033,0.2523543385929353,0.2648442176258902,0.45438769672140356,0.3523548585390128,0.36089085087939254,0.4388788377748773,0.8083804585483922
pSA_0.012750512407,0.2524331286512459,0.26499780744983814,0.4544028423898539,0.3522356283929471,0.3611225893350319,0.43880615387838506,0.8084010429798639
pSA_0.013200884008,0.2525885300007061,0.26511614238327547,0.4542650569660551,0.3521069799386534,0.3613051304066678,0.4387968232451234,0.8083440583378367
pSA_0.013667163565,0.2528399425062195,0.2650194358734769,0.45404968675409835,0.35205319069093244,0.36116931541100183,0.43881249894504204,0.8081474189416218
pSA_0.014149912974,0.2530968012535834,0.26487863544534523,0.4539661727634143,0.3519341189683462,0.36097048522012554,0.43875985467523454,0.807931192232466
pSA_0.014649713983,0.25392756725387106,0.26468186164434476,0.453743016685326,0.3516787934173034,0.3606992537469739,0.4386191648324525,0.8074970107326047
pSA_0.015167168885,0.2551267114596534,0.2643919136352748,0.45354755437260946,0.3512383428999978,0.3603003095392992,0.43851362514077674,0.8069598937299994
pSA_0.015702901247,0.2564612927619983,0.26368189317555196,0.45334126020921944,0.3505698924747279,0.3592958716129873,0.4386128121571601,0.8061589607914645
pSA_0.016257556664,0.2574474240948718,0.26319442121945635,0.45323811452885016,0.3497791225559545,0.35862296883463535,0.43866802293415313,0.8054876108037957
pSA_0.016831803533,0.2576531635913358,0.2629569800787891,0.4533492496739834,0.3496165956816404,0.35828220015545664,0.43847845177319417,0.8052246852733934
pSA_0.017426333860,0.25759132069804774,0.263448466800529,0.4535766805057971,0.349516621600956,0.35900631200970784,0.4382476588648819,0.8055061864674693
pSA_0.018041864094,0.2572664288747012,0.2639504169272469,0.45370540023027434,0.34933555443003705,0.35975135507394085,0.43802762828929803,0.8057128275070088
pSA_0.018679135990,0.2570295180194294,0.26455108691948387,0.45385689001546603,0.3489972389577111,0.3606479422967318,0.437978421048359,0.8060255486034528
pSA_0.019338917505,0.25698896124303816,0.26451266797216794,0.45412428035032615,0.34866008825237504,0.36060400049717195,0.438132192270272,0.8060941522067844
pSA_0.020022003718,0.2570494119916818,0.2642440067658636,0.45435576628591706,0.34839511361620007,0.3602205799123345,0.4380115037170446,0.8058729807666671
pSA_0.020729217796,0.25653396716997523,0.26479643454808377,0.454385203186512,0.3482237866382019,0.3610406230348966,0.4377455505668674,0.8060379748982128
pSA_0.021461411979,0.25541929883105774,0.2660599984839684,0.4543669177450425,0.34805927494304767,0.3629028042292313,0.4376282745723804,0.8067288930227111
pSA_0.022219468609,0.25376749314802316,0.26727380518958893,0.4542024939879925,0.3480716173984361,0.3646855760175135,0.43731558213913335,0.8072758166328224
pSA_0.023004301198,0.25185666394053197,0.267660394624248,0.45442835268027637,0.3479761480448439,0.36525544510019414,0.43693261091993707,0.8074120224448549
pSA_0.023816855520,0.24991219288729885,0.26888852582035405,0.4544182529717818,0.348180248914974,0.36704709327952517,0.43646027279382305,0.8080510954021574
pSA_0.024658110758,0.2487943871899933,0.26997655460802067,0.4536879092216398,0.34873387536325356,0.36862662075781805,0.4359526437296268,0.808324395218872
pSA_0.025529080682,0.2478844453414476,0.2702224219764763,0.45350248429345563,0.34955362901616355,0.36895097655106407,0.4353953116996977,0.808422008215243
pSA_0.026430814870,0.24710731035934616,0.26913657474987646,0.4521926844449657,0.3496435311791325,0.3673772696656291,0.435132568151776,0.8068675435871056
pSA_0.027364399971,0.24419783797532502,0.27007309606197927,0.45154490036043726,0.349227807851191,0.36878578403186574,0.43399008143662027,0.806351786819765
pSA_0.028330961018,0.24011213453561026,0.27116746793650365,0.45115731883984417,0.34912872350415214,0.37039880591310526,0.4340474915605326,0.8068620032386209
pSA_0.029331662784,0.23693114204046709,0.2706744555540425,0.4505273646700932,0.34884636202394237,0.36970139890374076,0.4339245114546247,0.8060014246925598
pSA_0.030367711180,0.23256799757621563,0.27024983485482035,0.4498200465812654,0.34751652446648906,0.3691612327881181,0.43315657037084937,0.8043695912531249
pSA_0.031440354716,0.22916393469718707,0.26948091368719584,0.4492679518009175,0.3457654295557418,0.36813437506722707,0.43265905746736816,0.8025660115566491
pSA_0.032550885998,0.22528932255185244,0.2693782816055304,0.44858889520654166,0.34436600403419243,0.36806908653079873,0.43174553102385493,0.8010611697341159
pSA_0.033700643293,0.22003249910521627,0.26909295322703475,0.44963956194634147,0.3441253192072577,0.36764756035930846,0.43173724353090664,0.8013487050445715
pSA_0.034891012134,0.21288233400728518,0.2706315760762952,0.4505752441681624,0.3450861295883003,0.3698438251624033,0.4304142379777169,0.80258542146997
pSA_0.036123426997,0.20557642251421399,0.27179241418476124,0.45064207677785406,0.3457589570738747,0.37151443617421076,0.4290915465672738,0.8029757588998608
pSA_0.037399373025,0.19870096401560397,0.2720945019608027,0.45189806498413904,0.3465013424406041,0.3719008935405256,0.42901896985483595,0.8041409034249507
pSA_0.038720387818,0.19155895619003527,0.2710755930112959,0.4518656917048614,0.3464830000411331,0.37041658219534657,0.4279732636313062,0.8028714912150825
pSA_0.040088063289,0.18474231314725054,0.2718018943682344,0.4505778286155271,0.345332408342403,0.37156423560959295,0.4263151588727689,0.8012986008725478
pSA_0.041504047579,0.1772811337125771,0.2736481210697901,0.45010349351188766,0.344154977128889,0.3743374168190185,0.42465904023919393,0.8009367048910925
pSA_0.042970047043,0.1691840739334876,0.2765332554510907,0.4499147499816698,0.3428893471623333,0.37862098105263775,0.42397202094685227,0.8019367234935059
pSA_0.044487828311,0.1579490213412171,0.27869399589179494,0.4487762690492688,0.3399441642618738,0.3819302466181675,0.4246058598958683,0.8019495146311951
pSA_0.046059220411,0.14927200055001374,0.27866537427697663,0.4479251983880955,0.33737342261055026,0.38201638932092186,0.4259033195851701,0.8011167012230075
pSA_0.047686116977,0.14176856194791454,0.2811902027635984,0.44736423799569086,0.3356615751338991,0.3857866431085389,0.42583428115996635,0.801853866655774
pSA_0.049370478528,0.13299488421515399,0.2875804699272341,0.446691779494333,0.33369058271309293,0.39519841940078354,0.4247303148740549,0.8046493534012866
pSA_0.051114334834,0.12507475110630834,0.28869523618292137,0.44679435306836457,0.3317111400492121,0.3969157890498163,0.422957681543863,0.8037989912537367
pSA_0.052919787360,0.11491915224980728,0.2885795460623473,0.44910926215356806,0.3321063283143748,0.3967041370441112,0.42145282509241433,0.8043571338558935
pSA_0.054789011796,0.10619710435188087,0.28944024361349113,0.4488078153437782,0.335242113647242,0.39782306386405486,0.42076878039118,0.8056831179628813
pSA_0.056724260685,0.09560195655437856,0.2927158973863208,0.4488650954682809,0.33491285645888197,0.4025920974274769,0.4228272330392383,0.8090177756155115
pSA_0.058727866132,0.08624912680418431,0.29837034082249164,0.44663751972182847,0.3351852666734181,0.4108214389649206,0.4242663086776129,0.8127794242045825
pSA_0.060802242616,0.07947907057036914,0.30318000396671657,0.443767133236248,0.3338350086940274,0.4178956520249954,0.42528050331895145,0.8147854711855606
pSA_0.062949889902,0.07259923682718938,0.31003385057826205,0.44205119588875896,0.33300731526810173,0.42788426128739965,0.42678267874757037,0.8194702726427399
pSA_0.065173396049,0.06452060410703737,0.31068020816885383,0.4406364475457822,0.33387409774920235,0.4288055024541189,0.4261934730846211,0.8192358802496823
pSA_0.067475440531,0.0627994873811095,0.3092701438106596,0.43894703926126616,0.3388445600561401,0.4265761233828256,0.42584576553202974,0.8190249960884898
pSA_0.069858797468,0.060373023622748684,0.31397971484891696,0.4408022315383794,0.3514361991142472,0.4328402324180667,0.42651057495887557,0.8289004444012323
pSA_0.072326338965,0.052032257677922134,0.31763833015462684,0.44337606841562716,0.3648575543770634,0.43753706401405945,0.4245356588708505,0.8374798989042429
pSA_0.074881038576,0.042169186034644715,0.31704281114121985,0.44789492420887855,0.36950607857527273,0.436414083726731,0.4227985928809651,0.8404525613342606
pSA_0.077525974886,0.04367103914833917,0.3112644355435434,0.4495295768356138,0.3715663443633007,0.42790037906346773,0.42234259191915696,0.8376218646054817
pSA_0.080264335223,0.04707230777812253,0.3087789684172681,0.44759386096026166,0.37630661621454564,0.42406878092770206,0.426468619771484,0.8388425051125254
pSA_0.083099419494,0.05021006491868224,0.30605442272809674,0.4461656824592198,0.3827904475443494,0.41979358834039077,0.4295795962661995,0.8404508488159418
pSA_0.086034644167,0.05602934568605193,0.2988989478086673,0.4473047713687256,0.3837708562761997,0.40928867401112523,0.42959292646916586,0.8363186771574115
pSA_0.089073546386,0.062355248640657175,0.297683657485979,0.44969023430919214,0.3831297363766995,0.407525275221665,0.4269376504554252,0.8350822169403609
pSA_0.092219788233,0.06664383737253379,0.29695355412779245,0.449748404939431,0.37997650104822334,0.4066069421670252,0.42871536228827006,0.8341353825218026
pSA_0.095477161142,0.07262972128665203,0.2943778178416601,0.45183683090172144,0.37458838181583043,0.40306902914294923,0.4317325518789045,0.8326647681731368
pSA_0.098849590466,0.07208367376213895,0.29782476452434353,0.45699725903543803,0.3716060907245302,0.4081708366331065,0.43261895298507275,0.8370783546294467
pSA_0.102341140211,0.073909990677381,0.29827726139352534,0.45609791164096547,0.36911292471240553,0.40895428485281654,0.43467573291667194,0.8369326472776172
pSA_0.105956017928,0.0753457916368175,0.2964592560555842,0.4528342048498072,0.36329242535129236,0.40662013135511443,0.4361348261170769,0.8322221585460249
pSA_0.109698579789,0.08092863945897912,0.29426853170594247,0.45294427018474115,0.357138412319515,0.40370832985490684,0.4378887170056532,0.8291159759179575
pSA_0.113573335834,0.08294488979185238,0.2891550358569553,0.4580505134230669,0.3568080649449974,0.39618145182748005,0.4403019705480989,0.8294262089526696
pSA_0.117584955405,0.0826047913383004,0.2831595944442311,0.4633436424808782,0.35815219233486834,0.3872621249015572,0.44395757288844306,0.8306808074164149
pSA_0.121738272774,0.08087332409268283,0.2799182366036824,0.46816822278071035,0.36007008451603134,0.3823463715525515,0.44498149284172456,0.8324837700496522
pSA_0.126038292968,0.08084415409563872,0.2768774399449568,0.4701372179641639,0.3628815604587286,0.37770776835432296,0.44716728529760397,0.833866757912604
pSA_0.130490197801,0.08099365904302488,0.2753049604876889,0.4719017497681796,0.367914854568494,0.37512221759349584,0.44544435621445716,0.8349790142644304
pSA_0.135099352120,0.07809670723222933,0.2753068152197895,0.47530758369726456,0.3746983510560295,0.3747135549780961,0.4454305125086565,0.8397230157392893
pSA_0.139871310265,0.07258885259227903,0.2711185070692347,0.4760503632107534,0.3792065277629485,0.36827534933526995,0.44982914874562263,0.8416617699529596
pSA_0.144811822767,0.07306461765847456,0.26942735604780516,0.4729618569231758,0.3818679050624135,0.3656638642253995,0.45420064826570966,0.8423326572715897
pSA_0.149926843279,0.0848535199674947,0.26607274449395835,0.4700391533745836,0.38203018830644975,0.36075330887344165,0.45485818627339125,0.8390010667249551
pSA_0.155222535743,0.09756309587678558,0.26525063462514226,0.4670922794574921,0.39282532657861113,0.3589668448983318,0.4551978425868396,0.8417536494499829
pSA_0.160705281826,0.1015448496596281,0.26547887804028175,0.46723182309161054,0.40274902087528935,0.3587058998607573,0.4571692516347378,0.847458552119628
pSA_0.166381688608,0.10604859495391047,0.26353284584963393,0.4723489503540743,0.40618984559739624,0.3554976183732355,0.4633266728833472,0.8539050790581042
pSA_0.172258596540,0.11234054627905302,0.25925942656856976,0.4772973640584151,0.4051074446565396,0.3490888014394789,0.47223195145765545,0.8583652035824961
pSA_0.178343087693,0.11525094089579292,0.25822099027040746,0.47859042110535854,0.4104448136457294,0.3471637829837412,0.4767702745842422,0.86333442139486
pSA_0.184642494290,0.12038694959559583,0.2551462326385416,0.4760672486369892,0.42115099320734,0.34194307558869924,0.4762493590163884,0.8647234836703012
pSA_0.191164407539,0.12777770758494134,0.2508010469411672,0.4772707669383043,0.43219637902407854,0.3347157769223169,0.47135559135962707,0.8653275910556049
pSA_0.197916686785,0.14972087757692257,0.24772108379797828,0.4800166498573933,0.4404569875724997,0.3294885713085396,0.4681464575189422,0.8672613022337811
pSA_0.204907468982,0.17417733775650965,0.2427182754385023,0.4791246475714578,0.4426687562245637,0.32182716511918125,0.46604832836695514,0.8638806770788185
pSA_0.212145178491,0.18962825107111955,0.22994139867736632,0.47859895467129404,0.44179270725009373,0.30258931414570633,0.462576194108152,0.8542685666595571
pSA_0.219638537242,0.20285813664524435,0.21465466721093832,0.48068527909999315,0.4407230884672838,0.27930958410448464,0.4588820298858786,0.8449152261477978
pSA_0.227396575236,0.21066546546998166,0.20120075795965306,0.48239408172464154,0.44354143773132004,0.25820675281211364,0.4606315055945665,0.841596796697694
pSA_0.235428641432,0.22055115760169336,0.19331919473561768,0.4812133678115269,0.4472343849397672,0.24553119687985023,0.4631025258794474,0.8404370402059512
pSA_0.243744415012,0.23068789640927778,0.19536684798485487,0.48090676843408653,0.45086485279371263,0.24838537986889708,0.46591698067880405,0.8445853214612966
pSA_0.252353917043,0.23480103321369256,0.20097614277191628,0.48123650894052417,0.44736902824760905,0.2574611673186266,0.4694613583379442,0.8475894316365977
pSA_0.261267522556,0.23063780720539745,0.21386464795767102,0.4858071419726829,0.44160429290673403,0.27780796324984136,0.47265974781367015,0.8553405358999598
pSA_0.270495973046,0.22903682509366008,0.2141540898285183,0.4914950986867268,0.4370889165356613,0.2784962273529534,0.4742511939732457,0.8573730207011827
pSA_0.280050389418,0.23215293279558022,0.21553172975508916,0.49517473523426925,0.43468198924456375,0.2807638501164035,0.4699093286265841,0.8566151801424097
pSA_0.289942285388,0.23011258075376437,0.2195501120591361,0.5036106920449701,0.43807216620957606,0.2865070810235959,0.46424643316347824,0.8620568485495822
pSA_0.300183581358,0.2257327910444037,0.22799083050835336,0.5069097274824899,0.4453962620264342,0.2987783132286442,0.4607263772453328,0.869984239620957
pSA_0.310786618778,0.22845080676622695,0.23296935650863781,0.5108988576238808,0.4547374478162953,0.30557538889857133,0.4569959238103638,0.8775109012699872
pSA_0.321764175025,0.22722723464233413,0.23543978842672697,0.5143927731198334,0.46338741224004515,0.3086071050990104,0.4537973200124034,0.883458075874837
pSA_0.333129478793,0.2276519291037036,0.2295001163456758,0.5143301635495633,0.4682650626170297,0.2991474156553126,0.4510974154727263,0.8813544919861004
pSA_0.344896226041,0.22768986567279337,0.23004376141581376,0.513003916655054,0.46803065184387477,0.3000376951465687,0.4497431141301445,0.8800665865632972
pSA_0.357078596490,0.21844977034579957,0.23423904751686694,0.5121865822644559,0.47081467256970666,0.30624676224698516,0.45005871987849677,0.8833693914122772
pSA_0.369691270720,0.2145456901541841,0.22928381246828364,0.5082156696821538,0.46810949606090785,0.29896455138721345,0.45003072620411755,0.877107248132656
pSA_0.382749447852,0.2090681063274568,0.22327660714955497,0.5056657952194037,0.4593306129057105,0.2905672494555767,0.4448710466644348,0.8654606189906601
pSA_0.396268863870,0.20874012326224758,0.21707948591997053,0.5027133177609333,0.4554945189734316,0.2814643490851164,0.43862312120440955,0.8554579819781035
pSA_0.410265810583,0.20835276185086954,0.2167215540098608,0.4963207826696587,0.44803877170855977,0.2816983154845476,0.4368497714832357,0.8469148269192861
pSA_0.424757155254,0.2028057740731705,0.2180305921753683,0.48857309281192646,0.44326232097473445,0.2842702511697504,0.4371395018088483,0.840883863537362
pSA_0.439760360930,0.19662999075329052,0.21806687493624904,0.4804725059236376,0.44002685109061374,0.28477384968635966,0.4353894496799353,0.8337491091371837
pSA_0.455293507487,0.19403088712316907,0.2174212061890944,0.48324092523684264,0.4429459820264803,0.2834990367202293,0.4336438603673064,0.8355487037107535
pSA_0.471375313412,0.18900801821992713,0.21715154825948987,0.48642684073352704,0.4528040934024205,0.28220926803718166,0.43113580010048724,0.8409297042454602
pSA_0.488025158365,0.18307262811041,0.22101545674146267,0.4849904246566296,0.4669305163865365,0.28701206380653826,0.42623923943960196,0.8469330747763688
pSA_0.505263106534,0.18198577857353762,0.21881888116039577,0.4805381905633554,0.4748117407356146,0.2830451807187312,0.4238312408666669,0.8462332047331669
pSA_0.523109930806,0.17816195514752411,0.2131287251866265,0.4726347290947317,0.4734544207840899,0.27454054462255373,0.4211706244292028,0.8368392206572189
pSA_0.541587137808,0.16929887825166848,0.20850846790685226,0.4682795956343149,0.47301124418545637,0.26752581973147677,0.41631824094119274,0.8294072333761495
pSA_0.560716993821,0.16753232245641103,0.20450057005825933,0.4658006347577073,0.4782423586821022,0.2608468368319511,0.4126775487416013,0.827060950897281
pSA_0.580522551609,0.16964145116785395,0.20436921579054856,0.46146321944544155,0.48491048918917723,0.2601324933461306,0.40622005402192674,0.8250879539847195
pSA_0.601027678207,0.1712021357367385,0.2024392139148526,0.4566717821515753,0.48867414248854096,0.2568631530520658,0.40137339687218204,0.8212373696215789
pSA_0.622257083673,0.17713099877319233,0.19951800511393064,0.4486654522802908,0.4900372406780165,0.25230075128499874,0.3999255501244413,0.8154957388377416
pSA_0.644236350872,0.17800635589879182,0.19963641004770166,0.4445203495058237,0.49533976165248944,0.25204930543440973,0.39752978048194426,0.815180102393769
pSA_0.666991966303,0.17417301766818408,0.19744333543860765,0.44119997822135437,0.49677335942336764,0.24850011922603374,0.39672781238627786,0.8127647001386421
pSA_0.690551352016,0.17438110233944723,0.18892877947274217,0.43489873780766447,0.49960580096138774,0.23472865593886066,0.3962769132129792,0.8067687415644216
pSA_0.714942898660,0.17534600754395796,0.1742061763646299,0.43038395147107683,0.5045226533846292,0.21025983980103433,0.39416308331617445,0.79959188961907
pSA_0.740195999692,0.1815615681898243,0.16280253948918777,0.4279486310478205,0.5082227105215177,0.19074203238229645,0.3880066112810719,0.7926928835436154
pSA_0.766341086801,0.19489808521548693,0.1499891842084388,0.42737157399069364,0.5076674630567084,0.16861662501468813,0.38337665571608576,0.7847177465057812
pSA_0.793409666580,0.207143672007818,0.14024083138207416,0.42483507905761536,0.5152151578771254,0.14970124303996318,0.38162713007430427,0.7835695450186292
pSA_0.821434358492,0.22266863336045703,0.12797880292385513,0.4195904414895153,0.5211373602157557,0.12484924680373036,0.37985103215498034,0.7794321188266977
pSA_0.850448934180,0.22987328236558713,0.11963608655431633,0.4181363618052958,0.5241591270469441,0.10645654932799532,0.3762223989662345,0.7761810986548926
pSA_0.880488358164,0.24092983809417184,0.11023436907179894,0.41744809183305426,0.5223068504803479,0.08461587240456632,0.37094594219226956,0.7693036418251605
pSA_0.911588829975,0.25269133287383305,0.09843462817521359,0.41629475327266047,0.5180618902421364,0.050241265433454384,0.36795768171399623,0.7613189108437372
pSA_0.943787827778,0.26061541497626234,0.0907190121580465,0.41416925116143066,0.5116880977837658,0.0,0.36760546729272014,0.7539858470851347
pSA_0.977124153535,0.2690279648383204,0.08921282327800004,0.41403233101461656,0.5019538651092299,0.0,0.3623539013611696,0.7447689599165316
pSA_1.011637979766,0.277307540470762,0.08856734510331134,0.41601954487924,0.49766372459294617,0.0,0.35630041017636993,0.7400617722792491
pSA_1.047370897959,0.2829178128840969,0.08813903268304532,0.42227511128744677,0.49395047436730327,0.0,0.35176367437247374,0.7389458866172361
pSA_1.084365968690,0.2866321366955974,0.08664094084198527,0.4269825328899686,0.4831757770764238,0.0,0.34849903854539976,0.7329559978699998
pSA_1.122667773511,0.28592014296169826,0.08521983690049835,0.42986050727856184,0.4733064687203924,0.0,0.34379157890343254,0.7259419527588038
pSA_1.162322468680,0.2773938163888274,0.08390443128731,0.43137387562032586,0.46445602868724745,0.0,0.3379558413954227,0.7183432145464435
pSA_1.203377840778,0.26947277333672887,0.08290474520909379,0.43345519801929344,0.45753027588630024,1.0196833890305081e-07,0.33342554699180954,0.7130146965030502
pSA_1.245883364295,0.26189515073745867,0.08170303068016585,0.43416650432217424,0.4493716953508254,0.0,0.3303701201064765,0.7068096563552165
pSA_1.289890261253,0.2526974217923635,0.07989039500783054,0.4325713393377915,0.4374385777167384,6.238388190073e-08,0.327643419377802,0.6970083809775287
pSA_1.335451562930,0.2417283598938162,0.07862865250586841,0.4329248721641631,0.42888220309567576,0.0,0.3245960727774789,0.6904538359174491
pSA_1.382622173765,0.23465241126874634,0.07717583622602221,0.43528891284910926,0.4185975179350624,0.0,0.32074234097893844,0.6837952683131143
pSA_1.431458937523,0.22753288987105375,0.07593514311587221,0.4356469287885872,0.4100903816636955,0.0,0.31803768608461647,0.6775768129637117
pSA_1.482020705799,0.21418645979283432,0.08032914566342525,0.4363910844703626,0.4002203776164886,0.041991729071302886,0.3168041192121864,0.6728608210654792
pSA_1.534368408930,0.1982937762250603,0.08462509336768465,0.4370971411446491,0.389734965780642,0.06000660657386346,0.3122802524829389,0.6663835256608479
pSA_1.588565129428,0.18275283949010065,0.0875939974308131,0.4372772154882741,0.37825607480694307,0.07130203765727604,0.308067909952179,0.6589983604151969
pSA_1.644676177995,0.17079580576109413,0.08458278522188732,0.435393007568088,0.36952443996951156,0.06659237200376697,0.30276527751974464,0.6497820712013086
pSA_1.702769172226,0.16017735131326893,0.07817774804369601,0.4357073127018138,0.3621602084475545,0.051582657901498546,0.30129227322957947,0.6437691227673497
pSA_1.762914118096,0.15014396512706196,0.07091455515398504,0.43721734310385146,0.3570449696225951,0.02665949599710462,0.30215587525176074,0.6408190205663126
pSA_1.825183494319,0.14053495998157794,0.06797415915896227,0.43772317997398036,0.35440294232677505,2.471100935467828e-07,0.3045686097735154,0.6402851441942425
pSA_1.889652339691,0.1289613131047366,0.06824223070313884,0.43858467853807165,0.35609234347102237,3.379019850475619e-08,0.304799072907911,0.6419195838830215
pSA_1.956398343517,0.11578134873896394,0.06841509416784997,0.4384178724161941,0.3572701614727117,0.0,0.30610181536665515,0.6430789380032917
pSA_2.025501939231,0.10092407215613856,0.06792690156131224,0.43980862674546645,0.3533185267617141,0.0,0.30739134227244397,0.6424601519291729
pSA_2.097046401323,0.09162489188044849,0.06750906223161636,0.44329284220016457,0.34955923288983676,0.0,0.3057525221340894,0.6420162038732261
pSA_2.171117945695,0.0815733182412999,0.0677065387475935,0.446510836249071,0.3502246408782089,0.0,0.30497160856276423,0.6442335818594642
pSA_2.247805833549,0.07235815384121475,0.06770895145188806,0.44913066593793555,0.3495462363254723,9.899620088158061e-08,0.3052602250832404,0.6458209747546427
pSA_2.327202478960,0.06196796846627897,0.06760950474257771,0.4507577550449804,0.348459711759266,0.0,0.3045914343363467,0.6460515972610967
pSA_2.409403560240,0.05202751506076679,0.06738312221845741,0.45353884209499135,0.3461626715768339,0.0,0.30373426415360555,0.6463594817924532
pSA_2.494508135230,0.0417399232179713,0.06713697981093199,0.45467723397532533,0.34424897900325857,0.0,0.30156816944120673,0.6451217772330733
pSA_2.582618760683,0.03391661623263219,0.06733336591312371,0.454425108198666,0.34603286144243245,0.0,0.29792266919372856,0.6442040336562034
pSA_2.673841615840,0.030520187710247015,0.06761606924590344,0.45510392581963194,0.3482017909518947,0.0,0.29416061431568497,0.6441230763861276
pSA_2.768286630392,0.02911448655852223,0.06751903766927507,0.4553266135616409,0.3476657897172662,0.0,0.2912676515814844,0.6426746231298036
pSA_2.866067616948,0.028328974665256544,0.06749252236643935,0.4573354852178594,0.3470889678762809,0.0,0.28943632160876015,0.642961804407763
pSA_2.967302408189,0.029317689682874463,0.06738527471666192,0.4565030967179528,0.3465046471236731,0.0,0.28975727085792086,0.6421992088179588
pSA_3.072112998862,0.03431907182955618,0.06757733008054381,0.4542962136583049,0.3484272581607644,0.0,0.290361644500649,0.6419474188520595
pSA_3.180625692794,0.04383451749584393,0.06751512877624886,0.4532033851929517,0.3482624215659246,0.0,0.29034993799262426,0.6410796433498989
pSA_3.292971255097,0.053090024415640855,0.06723708358477731,0.45131578838880876,0.346732963792994,0.0,0.2904537240729648,0.6389624831377345
pSA_3.409285069747,0.06474259670814068,0.06648265388090562,0.4471516883884451,0.34247012533599774,0.0,0.2889656695821401,0.6330336305231703
pSA_3.529707302731,0.07575983044807298,0.06553287936318918,0.4416424818797422,0.337272217579896,0.0,0.285806956721094,0.6248889877908975
pSA_3.654383070957,0.08423242473018966,0.06456805934990997,0.4358517215162371,0.33195317843104133,0.0,0.2837271936091423,0.6169771115790746
pSA_3.783462617132,0.09017628527272646,0.06410835801687784,0.4326249586573492,0.3295213776524156,0.0,0.28298398989014045,0.6130486373179229
pSA_3.917101490809,0.09833511623810245,0.06365655864727847,0.42908975263126814,0.3271732048023096,0.0,0.28292325503959587,0.6092666821646964
pSA_4.055460735841,0.10648630547270449,0.06335740260007237,0.42386546619861404,0.32617905886316684,0.0,0.28527530612060203,0.606165581469975
pSA_4.198707084444,0.11624197239185857,0.06315439537501197,0.4208045794189587,0.32532978946759555,0.0,0.28742460881029896,0.6045898375963247
pSA_4.347013158125,0.12848048966200792,0.06276063145005878,0.41982374283498713,0.3226470957449387,0.0,0.288444191432878,0.6029537088466973
pSA_4.500557675700,0.13857015019400007,0.06210780996385252,0.42134762056787134,0.31757682886446664,1.5246977958678114e-08,0.28750081084644596,0.6008706814508274
pSA_4.659525668665,0.14488347713595146,0.061657669139937324,0.42144972059804164,0.31438400779426234,0.0,0.2860571834232779,0.5985698652095752
pSA_4.824108704165,0.14712410549010094,0.061236227789430955,0.4213279916939144,0.31150042771055375,1.9605475926680976e-08,0.28405351639885235,0.5960169403861257
pSA_4.994505115855,0.14800325043787577,0.06068629752176998,0.41862721454769947,0.30839342611710163,1.0238345884897259e-07,0.2817219205120977,0.5913733934911555
pSA_5.170920242897,0.14961321981664474,0.060187327926726576,0.416775841050956,0.3053825791562929,0.0,0.27995526552581973,0.5876525946777683
pSA_5.353566677411,0.15191983710809737,0.05976099537934731,0.4144683874768473,0.30277546440342473,0.0,0.2811989158368628,0.5852605029644445
pSA_5.542664520663,0.15380284902369154,0.059502414125062096,0.4124799425036931,0.3012968825385858,0.0,0.28261538188309343,0.5837730453457466
pSA_5.738441648302,0.15586419559104295,0.05921532357676218,0.4100096611977044,0.299794719468012,0.0,0.28336462540946705,0.5816186955642055
pSA_5.941133984965,0.1597447109730517,0.059120980429450805,0.4087290950775914,0.2994660504252896,1.7552266111039196e-08,0.2831614157470795,0.5804479097112502
pSA_6.150985788580,0.16352211697101907,0.058964247279211,0.40666553607149564,0.29886975852810216,0.0,0.2832056572774583,0.5787101477466247
pSA_6.368249944719,0.17025124313987747,0.05885099663376207,0.40632815919933785,0.2980889687571265,0.0,0.2836824801993357,0.5783038611535082
pSA_6.593188271334,0.17568700899312384,0.058935477923188734,0.4068229235681396,0.298448704974193,0.0,0.2851699277106048,0.5795674320661685
pSA_6.826071834272,0.17784696064409886,0.05951382342054401,0.40765507892238745,0.3023922402773344,0.0,0.28604505053974616,0.5826195167426587
pSA_7.067181273927,0.18220521278393492,0.060145965576604836,0.4100949243767474,0.3064525137368087,0.0,0.28501079739760626,0.5859369802362695
pSA_7.316807143427,0.18812216609833712,0.06050401318718431,0.4130154119896407,0.30853530646593663,0.0,0.2820684012911855,0.5876549573380346
pSA_7.575250258772,0.19795493899384148,0.0604277417225309,0.4157795529439425,0.30735505850567585,0.0,0.28065234621110624,0.5883073245074301
pSA_7.842822061338,0.20838930631756958,0.060515457048385325,0.42015646299118614,0.3069180135467701,5.391289411377213e-08,0.27941861285717284,0.5905970552278337
pSA_8.119844993184,0.2159753215064705,0.06087953804923592,0.424164083774933,0.30841911846017317,0.0,0.28041202118890807,0.5947002810018063
pSA_8.406652885618,0.22211590235117815,0.06148398666727631,0.4270535909194355,0.311920740972143,0.0,0.2822245134849648,0.5994330606311437
pSA_8.703591361485,0.23285344468993546,0.061852441123127884,0.4292987031625091,0.3139395746710311,0.0,0.2831324789799791,0.6025109407595752
pSA_9.011018251665,0.2440589859598477,0.06190386656329197,0.4326201341421732,0.3133583916054323,0.0,0.2837998159490989,0.6048933770405143
pSA_9.329304026285,0.25671865426234686,0.062154561263564584,0.4375017773311726,0.313830365720408,0.0,0.28420712605455356,0.6088275569620094
pSA_9.658832241159,0.2721355585115026,0.0620709403346834,0.4421930985553303,0.3118750639684755,0.0,0.2846650464092132,0.6114204613704584
pSA_10.000000000000,0.2865502253408858,0.062300956376329535,0.444239468493527,0.31294937237758164,0.0,0.28532920801793654,0.6137579099181343
